{
  "variety": [
    {
      "drakorindoId": "v01",
      "title": "Men on a Mission (2015)",
      "typeDuration": "Reality, Comedy - 1h 20m",
      "overview": "Male celebs play make-believe as high schoolers, welcoming star transfer students every week and engaging in battles of witty humor and slapstick.",
      "creator": "Kim Hee-chul",
      "imagePath": "https://www.themoviedb.org/t/p/w600_and_h900_bestv2/a1rnHdqAvEm5NUWJ2SRzBY4Hkt5.jpg",
      "linkTrailer": "https://www.youtube.com/watch?v=AxL-MqMz5-E"
    },
    {
      "drakorindoId": "v02",
      "title": "2 Days and 1 Night (2007)",
      "typeDuration": "Comedy, Reality - 1h 30m",
      "overview": "2 Days & 1 Night is a South Korean reality-variety show with the motto \"real wild road variety.\" Its main concept is to recommend various places of interest that viewers can visit in South Korea.",
      "creator": "Lee Bo Raa",
      "imagePath": "https://www.themoviedb.org/t/p/w600_and_h900_bestv2/yFhxy5sd3mu1PseTMsrXFFXy7YG.jpg",
      "linkTrailer": "https://www.youtube.com/watch?v=t07TLJ6oOyc"
    },
    {
      "drakorindoId": "v03",
      "title": "Grandpas Over Flowers (2013)",
      "typeDuration": "Reality - 1h 10m",
      "overview": "Grandpas Over Flowers is a South Korean travel-reality show that airs on tvN. It stars four veteran actors in their seventies— Lee Soon-jae, Shin Goo, Park Geun-hyung and Baek Il-seob — as they go on a backpacking tour to overseas travel destinations alongside Lee Seo-jin, an actor in his forties. Grandpas Over Flowers became a cultural phenomenon, receiving high ratings for a Korean cable program and spawning several spin-offs and remakes.",
      "creator": "Na Young-seok",
      "imagePath": "https://www.themoviedb.org/t/p/w600_and_h900_bestv2/c1dSRn6HDYQMyevxYrPEzPEaqOJ.jpg",
      "linkTrailer": "https://www.youtube.com/watch?v=czlDdw3pwV4"
    },
    {
      "drakorindoId": "v04",
      "title": "Three Meals in Iceland (2019)",
      "typeDuration": "Reality - 5m",
      "overview": "We don't have an overview translated in English. Help us expand our database by adding one.",
      "creator": "Jon Jeon Kook",
      "imagePath": "https://www.themoviedb.org/t/p/w600_and_h900_bestv2/6eht4qzZxj76siOfUrkEw7UFFsM.jpg",
      "linkTrailer": "https://www.youtube.com/watch?v=WmiPIgjUI3s&list=PLMSwpZOzdqeTwEh-70rF8GiinWY8vqQ6p"
    },
    {
      "drakorindoId": "v05",
      "title": "Youth Over Flowers (2014)",
      "typeDuration": "Reality - 1h 30m",
      "overview": "Youth Over Flowers is a South Korean travel-reality show which premiered on tvN in 2014.",
      "creator": "Kim Bum",
      "imagePath": "https://www.themoviedb.org/t/p/w600_and_h900_bestv2/hQQZsjEMsmWbz6z9OfMzj0PSKe1.jpg",
      "linkTrailer": "https://www.youtube.com/watch?v=gzOPFI9vjX0&list=PLcwtzCSK4GVhf14VmO2AMyLzG_M0iS6zm"
    },
    {
      "drakorindoId": "v06",
      "title": "Three Meals a Day: Fishing Village (2015)",
      "typeDuration": "Reality -1h 40m",
      "overview": "Three Meals a Day: Fishing Village is a South Korean variety/cooking show in which celebrities live in a rural fishing village. They must catch food for and prepare three meals a day.",
      "creator": "Lee Na Na",
      "imagePath": "https://www.themoviedb.org/t/p/w600_and_h900_bestv2/qBxRxDnWE3I4FL2pFXD3UavlzEy.jpg",
      "linkTrailer": "https://www.youtube.com/watch?v=qKuvrvlZjDo&list=PL_gn4-WJG27AjTU9BXzmAi9d2mZl5SweU"
    },
    {
      "drakorindoId": "v07",
      "title": "Kang's Kitchen (2017)",
      "typeDuration": "Reality, Talk - 1h 30m",
      "overview": "For the first time in history, here comes a restaurant where the owner eats more than customers. In the backdrop of beautiful Jeju Island, amateur chef Ho-dong and members busy themselves with preparing ingredients, cooking, and serving customers. In the middle of the craziness, members learn the incredible satisfaction of seeing the smile on people’s face when they eat your food and make invaluable acquaintances with people from all walks of life.",
      "creator": "Kim Taehyung",
      "imagePath": "https://www.themoviedb.org/t/p/w600_and_h900_bestv2/c022MTppuVz4mUZRg4jLisLQetB.jpg",
      "linkTrailer": "https://www.youtube.com/watch?v=Pz1sT0NEGns"
    },
    {
      "drakorindoId": "v08",
      "title": "New Journey to the West (2015)",
      "typeDuration": "Drama, Comedy - 1h 40m",
      "overview": "Each member takes one of the characters from the classic Chinese novel “Journey to the West” as they go to different destination every season",
      "creator": "Namjoon",
      "imagePath": "https://www.themoviedb.org/t/p/w600_and_h900_bestv2/qtETUPb0eBnH55ufgRfIianhcvf.jpg",
      "linkTrailer": "https://www.youtube.com/watch?v=vhumhhwoInA"
    },
    {
      "drakorindoId": "v09",
      "title": "Three Meals a Day: Jeongseon Village (2014)",
      "typeDuration": "Reality - 1h 40m",
      "overview": "Three Meals a Day is a South Korean reality/cooking show, in which celebrities are chosen to live for three days a week in a rural setting. They are required to use their own means to find food for and prepare three meals a day.",
      "creator": "Park Shin Hye",
      "imagePath": "https://www.themoviedb.org/t/p/w600_and_h900_bestv2/vou8nrVWsGsn8efmKcA5zEYEVmj.jpg",
      "linkTrailer": "https://www.youtube.com/watch?v=3zKI2ba2TfE"
    },
    {
      "drakorindoId": "v10",
      "title": "Let's Eat (2013)",
      "typeDuration": "Reality - 1h 30m",
      "overview": "What do a group of foodies and a murder have in common? Lee Soo Kyung is a 33-year-old divorcee who is a composed, confident woman who is happy to be living alone after marrying way too early in life. But the only thing that can make her lose her cool composure is great food. Living next door is another foodie, Goo Dae Young, a single man who loves surrounding himself with gourmet food but hates being asked if he is dining alone at great restaurants. When a strange murder occurs in their neighborhood, how will their lives be intertwined?",
      "creator": "Lim Soo Mi",
      "imagePath": "https://www.themoviedb.org/t/p/w600_and_h900_bestv2/9gPf7cNi3Iwg08JKSXoV6Y2liOW.jpg",
      "linkTrailer": "https://www.youtube.com/watch?v=JufPKsXr5n4"
    }
  ]
}