{
  "drama": [
    {
      "drakorindoId": "d01",
      "title": "Start-Up (2020)",
      "typeDuration": "Drama, Comedy - 1h 12m",
      "overview": "Young entrepreneurs aspiring to launch virtual dreams into reality compete for success and love in the cutthroat world of Korea's high-tech industry.",
      "creator": "Park Hye-ryun",
      "imagePath": "https://www.themoviedb.org/t/p/w600_and_h900_bestv2/hxJQ3A2wtreuWDnVBbzzXI3YlOE.jpg",
      "linkTrailer": "https://www.youtube.com/watch?v=Lu3o0XrlsAg"
    },
    {
      "drakorindoId": "d02",
      "title": "Korean Pork Belly Rhapsody (2020)",
      "typeDuration": "Documentary - 48m",
      "overview": "A love letter to pork belly -- a perennial favorite among Koreans of every generation -- unfolds with an exploration of its history and cooking methods.",
      "creator": "Kim na Ra",
      "imagePath": "https://www.themoviedb.org/t/p/w600_and_h900_bestv2/zp702DFYo0yn22zqxkWrpqHx7Ce.jpg",
      "linkTrailer": "https://www.youtube.com/watch?v=6HZR56e1ECU"
    },
    {
      "drakorindoId": "d03",
      "title": "Miss Korea (2013)",
      "typeDuration": "Drama - 1h",
      "overview": "This drama takes place in year 1997 and is about a failing cosmetics company that tries to turn a former high school beauty queen into Miss Korea. Oh Ji Young is the former high school beauty queen who has grown up to be nothing more an an elevator girl. Meanwhile, Kim Hyung Joon is an employee of the cosmetics company and will lead the efforts to turn Oh Ji Young into Miss Korea to save his company.",
      "creator": "Seo Sook-hyang",
      "imagePath": "https://www.themoviedb.org/t/p/w600_and_h900_bestv2/aLXSfjEK76VOkSQkABnNXdycPby.jpg",
      "linkTrailer": "https://www.youtube.com/watch?v=w-zXK3rLcgM"
    },
    {
      "drakorindoId": "d04",
      "title": "Persona (2019)",
      "typeDuration": "Drama - 1h",
      "overview": "An exploration of different personas in an eclectic collection of four works by critically acclaimed Korean directors.",
      "creator": "Yoon Jong-shin",
      "imagePath": "https://www.themoviedb.org/t/p/w600_and_h900_bestv2/iS7nWpl8XgidTiQzUpo5RNx4mEr.jpg",
      "linkTrailer": "https://www.youtube.com/watch?v=y8cUWCGf8jA"
    },
    {
      "drakorindoId": "d05",
      "title": "Leverage (2019)",
      "typeDuration": "Crime - 1h",
      "overview": "There are countless incidents happening in one day. The corruption of the upper class discourages the common people who are living their lives diligently. From immorality to financial fraud, and they even commit a highly developed type of expedient. The victims of corruption are us, the common people. However, we have no choice but to be relieved that the victim is not me at least for this time.",
      "creator": "Lee Bo Ra",
      "imagePath": "https://www.themoviedb.org/t/p/w600_and_h900_bestv2/xBnKqQUy5NJdJ6fCD0dmiNNFSU6.jpg",
      "linkTrailer": "https://www.youtube.com/watch?v=Emv0x9Qldx4"
    },
    {
      "drakorindoId": "d06",
      "title": "A Korean Odyssey (2017)",
      "typeDuration": "Comedy, Mystery - 1h 15m",
      "overview": "A self-serving mythical creature's bid for invincibility backfires when he finds himself at the mercy of a woman who can see otherworldly beings.",
      "creator": "Min Young Gi",
      "imagePath": "https://www.themoviedb.org/t/p/w600_and_h900_bestv2/7AJCemR9KHGEMvtaBVULJWbeodi.jpg",
      "linkTrailer": "https://www.youtube.com/watch?v=u0m_FAnDDdE"
    },
    {
      "drakorindoId": "d07",
      "title": "Live On (2020)",
      "typeDuration": "Drama - 1h 10m",
      "overview": "Baek Ho-rang is a high school student. Due to her pretty appearance, she is popular on social media and at her school. Yet, Baek Ho-rang only has one friend, due to her condescending personality. Baek Ho-rang encounters a problem. She learns that someone is trying to unveil her secret. To find that anonymous person, Baek Ho-rang joins her high school's broadcasting club. Go Eun-taek is the chief of the broadcasting club. He is a perfectionist and respected by the club members.",
      "creator": "Bang Yoo-jung",
      "imagePath": "https://www.themoviedb.org/t/p/w600_and_h900_bestv2/dop9lujlpXaIGZImoTgUteHXt7a.jpg",
      "linkTrailer": "https://www.youtube.com/watch?v=bHfxNo9hk14"
    },
    {
      "drakorindoId": "d08",
      "title": "Hush (2020)",
      "typeDuration": "Drama - 1h 5m",
      "overview": "“Hush” is an office drama about newspaper reporters and their everyday struggles, problems, and ethical dilemmas. Han Jun Hyeok is a veteran reporter for a newspaper. He first became a reporter to pursue justice, but he is now conflicted between idealism and pragmatism. Han Jun Hyeok must also deal with personal issues as a husband and father.",
      "creator": "Lee Ji Su",
      "imagePath": "https://www.themoviedb.org/t/p/w600_and_h900_bestv2/uQmJt7tVRnojMGi4uKFDO0ako6M.jpg",
      "linkTrailer": "https://www.youtube.com/watch?v=-EkIssQsM0s"
    },
    {
      "drakorindoId": "d09",
      "title": "Suits (2018)",
      "typeDuration": "Drama - 1h",
      "overview": "Legendary lawyer at the top law firm in South Korea. He has charisma and an attractive appearance. He hires Go Yeon Woo as a rookie lawyer for the law firm. Go Yeon Woo has excellent memory.",
      "creator": "Choi Kyung Seo",
      "imagePath": "https://www.themoviedb.org/t/p/w600_and_h900_bestv2/x7ds0EcHjhavjIlrJmTvGp43M6n.jpg",
      "linkTrailer": "https://www.youtube.com/watch?v=zrMSrbfUKpI"
    },
    {
      "drakorindoId": "d10",
      "title": "Criminal Minds (2017)",
      "typeDuration":"Crime, Drama, Action & Adventure - 1h",
      "overview": "Based on the US TV series of the same name, profilers investigate cases from the perspective of the criminals to solve them.",
      "creator": "Kim Seok Jin",
      "imagePath": "https://www.themoviedb.org/t/p/w600_and_h900_bestv2/hY9QGvObdABYNLYYnA3o9d7uRqV.jpg",
      "linkTrailer": "https://www.youtube.com/watch?v=fObZcrl6_Z4"
    }
  ]
}